City,highest_expense_type,lowest_expense_type
"Delhi, India",Grocery,Bills
"Greater Mumbai, India",Grocery,Bills
"Bengaluru, India",Grocery,Bills
"Ahmedabad, India",Grocery,Bills
"Markapur, India",Grocery,Bills
"Mavoor, India",Grocery,Bills
"Sillod, India",Grocery,Bills
"Nainital, India",Grocery,Bills
"Laharpur, India",Fuel,Bills
"Shenkottai, India",Grocery,Bills
"Neyveli (TS), India",Grocery,Bills
"Kapadvanj, India",Fuel,Bills
"Arambagh, India",Grocery,Entertainment
"Thana Bhawan, India",Grocery,Entertainment
"Kancheepuram, India",Grocery,Bills
"Sojat, India",Grocery,Entertainment
"Karjat, India",Fuel,Entertainment
"Mohali, India",Grocery,Bills
"Narayanpet, India",Food,Bills
"Bhavnagar, India",Food,Entertainment
"Viluppuram, India",Grocery,Bills
"Jamalpur, India",Grocery,Bills
"Udaipurwati, India",Grocery,Bills
"Palanpur, India",Fuel,Bills
"Muzaffarpur, India",Grocery,Bills
"Taranagar, India",Grocery,Bills
"Ambikapur, India",Fuel,Bills
"Mundi, India",Grocery,Bills
"Padrauna, India",Grocery,Bills
"Vijayapura, India",Grocery,Bills
"Vrindavan, India",Grocery,Bills
"Byasanagar, India",Grocery,Bills
"Mudhol, India",Grocery,Bills
"Sohna, India",Grocery,Bills
"Pune, India",Travel,Bills
"Lakheri, India",Grocery,Bills
"Jehanabad, India",Grocery,Bills
"Shegaon, India",Grocery,Bills
"Shikarpur Bulandshahr, India",Grocery,Bills
"Dalli-Rajhara, India",Grocery,Bills
"Mapusa, India",Grocery,Food
"Uthamapalayam, India",Grocery,Entertainment
"Nasirabad, India",Grocery,Bills
"Kapurthala, India",Grocery,Entertainment
"Anand, India",Grocery,Bills
"Arwal, India",Grocery,Bills
"Nanded-Waghala, India",Grocery,Entertainment
"Nilambur, India",Grocery,Bills
"Anjar, India",Grocery,Food
"Hubli-Dharwad, India",Grocery,Bills
"Jind, India",Grocery,Bills
"Koratla, India",Grocery,Bills
"Chalakudy, India",Entertainment,Entertainment
"Lahar, India",Fuel,Bills
"Ramanathapuram, India",Grocery,Entertainment
"Brahmapur, India",Grocery,Bills
"Rahuri, India",Grocery,Bills
"Hindupur, India",Grocery,Entertainment
"Ponnani, India",Grocery,Bills
"Rajpipla, India",Grocery,Bills
"Pattukkottai, India",Grocery,Bills
"Tenali, India",Grocery,Bills
"Aizawl, India",Grocery,Entertainment
"Raayachuru, India",Food,Bills
"Tura, India",Fuel,Bills
"Srivilliputhur, India",Grocery,Bills
"Siana, India",Grocery,Bills
"Nepanagar, India",Grocery,Bills
"Nagaon, India",Grocery,Bills
"Oddanchatram, India",Grocery,Bills
"Zira, India",Grocery,Bills
"Dhuri, India",Fuel,Bills
"Kalyan-Dombivali, India",Grocery,Bills
"Mahuva, India",Grocery,Bills
"Punch, India",Grocery,Entertainment
"Rajampet, India",Grocery,Bills
"Mandvi, India",Grocery,Bills
"Nahan, India",Grocery,Bills
"Shahdol, India",Grocery,Bills
"Kochi, India",Grocery,Bills
"Neemuch, India",Fuel,Bills
"Shahabad, India",Fuel,Bills
"Mancherial, India",Grocery,Bills
"Sirhind Fatehgarh Sahib, India",Grocery,Bills
"Surat, India",Travel,Bills
"Zaidpur, India",Food,Bills
"Malout, India",Food,Bills
"Pipar City, India",Fuel,Bills
"Khambhat, India",Grocery,Entertainment
"Rabkavi Banhatti, India",Fuel,Entertainment
"Balaghat, India",Grocery,Bills
"Raghunathganj, India",Grocery,Bills
"Ramdurg, India",Grocery,Bills
"Imphal, India",Grocery,Bills
"Raigarh, India",Grocery,Bills
"Rajapalayam, India",Grocery,Entertainment
"Mattannur, India",Grocery,Bills
"Narwana, India",Fuel,Fuel
"Akot, India",Grocery,Entertainment
"Udaipur, India",Grocery,Bills
"Murwara (Katni), India",Grocery,Bills
"Cuttack, India",Food,Bills
"Warora, India",Grocery,Bills
"Tiruchendur, India",Grocery,Bills
"Kasaragod, India",Food,Bills
"Vyara, India",Grocery,Bills
"Periyasemur, India",Grocery,Bills
"Nandivaram-Guduvancheri, India",Fuel,Bills
"Madhubani, India",Grocery,Bills
"Yellandu, India",Grocery,Bills
"Umbergaon, India",Food,Bills
"Nimbahera, India",Grocery,Entertainment
"Seoni, India",Grocery,Entertainment
"Ambejogai, India",Grocery,Bills
"Mokokchung, India",Grocery,Bills
"Shahade, India",Grocery,Bills
"Pithoragarh, India",Grocery,Entertainment
"Maner, India",Grocery,Bills
"Firozabad, India",Grocery,Grocery
"Kollam, India",Grocery,Bills
"Jalandhar, India",Grocery,Bills
"Barpeta, India",Fuel,Bills
"Raurkela, India",Grocery,Bills
"Limbdi, India",Grocery,Bills
"Mokameh, India",Grocery,Bills
"Taki, India",Entertainment,Bills
"Kaithal, India",Grocery,Bills
"Medinipur, India",Grocery,Bills
"Erode, India",Grocery,Bills
"Mahemdabad, India",Grocery,Entertainment
"Sawai Madhopur, India",Fuel,Bills
"Malpura, India",Grocery,Bills
"Samastipur, India",Grocery,Bills
"Jagdalpur, India",Grocery,Bills
"Achalpur, India",Grocery,Bills
"Ahmednagar, India",Grocery,Entertainment
"Shikohabad, India",Grocery,Bills
"Mungeli, India",Grocery,Food
"Udhampur, India",Fuel,Bills
"Thiruvananthapuram, India",Grocery,Bills
"Padra, India",Grocery,Bills
"Losal, India",Food,Bills
"Singrauli, India",Grocery,Bills
"Naugawan Sadat, India",Grocery,Bills
"Dimapur, India",Grocery,Bills
"Sindhagi, India",Grocery,Bills
"Palakkad, India",Grocery,Bills
"Peddapuram, India",Grocery,Fuel
"Rewa, India",Grocery,Bills
"Barnala, India",Fuel,Bills
"Sironj, India",Grocery,Bills
"Fatehabad, India",Grocery,Entertainment
"Pachora, India",Grocery,Entertainment
"Vikramasingapuram, India",Fuel,Bills
"Mangaluru, India",Grocery,Food
"Palwal, India",Fuel,Entertainment
"Nabarangapur, India",Grocery,Food
"Ballari, India",Grocery,Bills
"Vedaranyam, India",Grocery,Bills
"Sagar, India",Grocery,Bills
"Sherkot, India",Grocery,Bills
"Navi Mumbai, India",Grocery,Bills
"Manjlegaon, India",Grocery,Bills
"Thakurdwara, India",Fuel,Bills
"Jagraon, India",Grocery,Bills
"Shikaripur, India",Grocery,Food
"Bodhan, India",Food,Bills
"Bhadrak, India",Grocery,Bills
"Nathdwara, India",Food,Bills
"Ongole, India",Fuel,Bills
"Panna, India",Fuel,Bills
"Sardarshahar, India",Grocery,Entertainment
"Kendujhar, India",Grocery,Bills
"Nehtaur, India",Grocery,Bills
"Pratapgarh, India",Grocery,Entertainment
"Tohana, India",Grocery,Bills
"Jangaon, India",Grocery,Entertainment
"Sitapur, India",Grocery,Bills
"Diphu, India",Grocery,Bills
"Pavagada, India",Grocery,Bills
"Umred, India",Fuel,Bills
"Kadi, India",Food,Bills
"Mandapeta, India",Entertainment,Bills
"Sunabeda, India",Grocery,Bills
"Sira, India",Grocery,Bills
"Chirmiri, India",Grocery,Entertainment
"Palacole, India",Grocery,Bills
"Siddipet, India",Grocery,Entertainment
"Aligarh, India",Fuel,Bills
"Bellampalle, India",Grocery,Entertainment
"Udhagamandalam, India",Grocery,Bills
"Petlad, India",Grocery,Entertainment
"Indore, India",Grocery,Bills
"Kozhikode, India",Grocery,Bills
"Baripada Town, India",Grocery,Bills
"Pilkhuwa, India",Grocery,Entertainment
"Hapur, India",Grocery,Food
"Nawabganj, India",Fuel,Entertainment
"Sadabad, India",Grocery,Bills
"Arrah, India",Food,Entertainment
"Faridabad, India",Grocery,Bills
"Jammalamadugu, India",Grocery,Bills
"Pulgaon, India",Grocery,Bills
"Malavalli, India",Grocery,Bills
"Naidupet, India",Grocery,Bills
"Pathri, India",Grocery,Bills
"Jalandhar Cantt., India",Grocery,Entertainment
"Kharar, India",Grocery,Bills
"Jamnagar, India",Food,Bills
"Yavatmal, India",Fuel,Bills
"Itarsi, India",Fuel,Bills
"Sirohi, India",Fuel,Bills
"Ponnur, India",Fuel,Bills
"Upleta, India",Grocery,Entertainment
"Afzalpur, India",Grocery,Bills
"Amroha, India",Grocery,Food
"Bathinda, India",Grocery,Bills
"Gwalior, India",Grocery,Bills
"Tilhar, India",Grocery,Bills
"Bharatpur, India",Grocery,Entertainment
"Hajipur, India",Grocery,Bills
"Korba, India",Grocery,Bills
"Vijayawada, India",Bills,Bills
"Madhupur, India",Fuel,Entertainment
"Pilani, India",Grocery,Entertainment
"Thrissur, India",Grocery,Bills
"Visakhapatnam, India",Grocery,Bills
"Taliparamba, India",Fuel,Bills
"Mehkar, India",Fuel,Bills
"Repalle, India",Entertainment,Bills
"Nandyal, India",Grocery,Bills
"Sadasivpet, India",Grocery,Bills
"Belagavi, India",Grocery,Bills
"Ramngarh, India",Grocery,Bills
"Nanjikottai, India",Grocery,Bills
"Porbandar, India",Fuel,Bills
"Mahasamund, India",Grocery,Bills
"Khair, India",Grocery,Bills
"Rudrapur, India",Grocery,Entertainment
"Roorkee, India",Fuel,Entertainment
"Makhdumpur, India",Grocery,Bills
"Venkatagiri, India",Fuel,Bills
"Chikkamagaluru, India",Grocery,Bills
"Jodhpur, India",Fuel,Entertainment
"Rishikesh, India",Grocery,Bills
"Kottayam, India",Grocery,Entertainment
"Nagina, India",Grocery,Food
"Dehri-on-Sone, India",Grocery,Bills
"Morshi, India",Grocery,Bills
"Vadakkuvalliyur, India",Grocery,Bills
"Baleshwar Town, India",Grocery,Bills
"Sahibganj, India",Grocery,Entertainment
"Sasaram, India",Grocery,Bills
"Sidlaghatta, India",Grocery,Bills
"Tenkasi, India",Grocery,Food
"Sonipat, India",Grocery,Bills
"Talikota, India",Grocery,Entertainment
"Samana, India",Food,Bills
"Anantnag, India",Grocery,Entertainment
"Silchar, India",Grocery,Bills
"Gurgaon, India",Grocery,Bills
"Palghar, India",Fuel,Entertainment
"Kendrapara, India",Fuel,Bills
"Mahesana, India",Grocery,Bills
"Shajapur, India",Grocery,Bills
"Panruti, India",Grocery,Bills
"Najibabad, India",Grocery,Bills
"Chatra, India",Grocery,Bills
"Buxar, India",Grocery,Bills
"Jhansi, India",Grocery,Bills
"Terdal, India",Grocery,Bills
"Loni, India",Grocery,Bills
"Tadpatri, India",Grocery,Bills
"Mangrol, India",Grocery,Bills
"Shrirampur, India",Food,Bills
"Ladwa, India",Grocery,Food
"Mangrulpir, India",Grocery,Bills
"Nuzvid, India",Fuel,Bills
"Sihor, India",Grocery,Food
"Jagtial, India",Grocery,Entertainment
"Sadulpur, India",Fuel,Bills
"Sheikhpura, India",Grocery,Bills
"Perumbavoor, India",Grocery,Bills
"Dharmavaram, India",Grocery,Bills
"Tiptur, India",Fuel,Entertainment
"Bikaner, India",Grocery,Entertainment
"Sibsagar, India",Grocery,Bills
"Bhagalpur, India",Fuel,Bills
"Deesa, India",Grocery,Entertainment
"Tumkur, India",Grocery,Bills
"Maddur, India",Grocery,Bills
"Pasan, India",Grocery,Entertainment
"Raipur, India",Grocery,Bills
"Hoshiarpur, India",Grocery,Bills
"Navsari, India",Grocery,Bills
"Bhubaneswar, India",Fuel,Bills
"Sankari, India",Grocery,Bills
"Bokaro Steel City, India",Grocery,Bills
"Sivaganga, India",Food,Entertainment
"Bharuch, India",Grocery,Bills
"Sundargarh, India",Grocery,Entertainment
"Raver, India",Grocery,Bills
"Kurnool, India",Grocery,Bills
"Barbil, India",Grocery,Entertainment
"Chilakaluripet, India",Grocery,Bills
"Sanand, India",Grocery,Bills
"Sailu, India",Grocery,Bills
"Puliyankudi, India",Grocery,Bills
"Pandhurna, India",Grocery,Bills
"Periyakulam, India",Grocery,Bills
"Muddebihal, India",Fuel,Bills
"Washim, India",Grocery,Entertainment
"Shrigonda, India",Grocery,Bills
"Sangli, India",Grocery,Bills
"Vasai-Virar, India",Grocery,Bills
"Jorhat, India",Grocery,Bills
"Dehradun, India",Grocery,Bills
"Kayamkulam, India",Fuel,Bills
"Lalsot, India",Grocery,Entertainment
"Gokak, India",Grocery,Bills
"Panipat, India",Fuel,Bills
"Hazaribag, India",Grocery,Bills
"Paschim Punropara, India",Grocery,Bills
"Renukoot, India",Grocery,Bills
"Usilampatti, India",Grocery,Entertainment
"Sidhi, India",Food,Entertainment
"Rohtak, India",Grocery,Entertainment
"Phagwara, India",Grocery,Bills
"Mahalingapura, India",Grocery,Bills
"Saunda, India",Grocery,Bills
"Ratnagiri, India",Fuel,Food
"Chennai, India",Travel,Bills
"Farooqnagar, India",Grocery,Bills
"Kodungallur, India",Grocery,Bills
"Paravoor, India",Grocery,Bills
"Uchgaon, India",Grocery,Bills
"Guntur, India",Grocery,Bills
"Nizamabad, India",Fuel,Entertainment
"Parli, India",Grocery,Bills
"Bhilwara, India",Grocery,Food
"Karimnagar, India",Fuel,Food
"Shamsabad Agra, India",Grocery,Bills
"Rajula, India",Fuel,Bills
"Bankura, India",Grocery,Bills
"Khanna, India",Fuel,Bills
"Manglaur, India",Grocery,Bills
"Rae Bareli, India",Grocery,Entertainment
"Madikeri, India",Grocery,Bills
"Udgir, India",Grocery,Bills
"Ottappalam, India",Grocery,Bills
"Shahbad, India",Grocery,Bills
"Nowgong, India",Grocery,Entertainment
"Robertsganj, India",Grocery,Bills
"Kalpi, India",Grocery,Bills
"Risod, India",Grocery,Bills
"Mainaguri, India",Grocery,Bills
"Sidhpur, India",Grocery,Bills
"Shirur, India",Grocery,Bills
"Kolar, India",Grocery,Bills
"Manmad, India",Grocery,Entertainment
"Deoghar, India",Grocery,Bills
"Nadbai, India",Grocery,Entertainment
"Cherthala, India",Grocery,Food
"Dharmanagar, India",Grocery,Bills
"Sangrur, India",Grocery,Entertainment
"Viramgam, India",Grocery,Bills
"Manavadar, India",Grocery,Bills
"Narnaul, India",Fuel,Bills
"Lal Gopalganj Nindaura, India",Bills,Bills
"Palwancha, India",Grocery,Food
"Perambalur, India",Grocery,Bills
"Rayagada, India",Fuel,Fuel
"Jatani, India",Grocery,Fuel
"Koyilandy, India",Grocery,Bills
"Manwath, India",Grocery,Bills
"Nidadavole, India",Grocery,Bills
"Aurangabad, India",Grocery,Bills
"Rajakhera, India",Grocery,Bills
"Rajahmundry, India",Grocery,Bills
"Phusro, India",Grocery,Bills
"Noida, India",Grocery,Entertainment
"Nedumangad, India",Grocery,Bills
"Tharad, India",Grocery,Bills
"Sendhwa, India",Entertainment,Bills
"Ranaghat, India",Grocery,Bills
"Batala, India",Grocery,Bills
"Machilipatnam, India",Grocery,Bills
"Suar, India",Fuel,Bills
"Mudalagi, India",Grocery,Bills
"Mahnar Bazar, India",Fuel,Bills
"Pusad, India",Food,Bills
"Patiala, India",Grocery,Bills
"Madurai, India",Entertainment,Bills
"Kot Kapura, India",Grocery,Bills
"Visnagar, India",Fuel,Entertainment
"Pehowa, India",Grocery,Food
"Nagaur, India",Grocery,Bills
"Nagapattinam, India",Grocery,Bills
"Bheemunipatnam, India",Grocery,Bills
"Tarn Taran, India",Fuel,Bills
"Sattur, India",Grocery,Bills
"Nashik, India",Grocery,Bills
"Anjangaon, India",Fuel,Bills
"Sattenapalle, India",Grocery,Fuel
"Sainthia, India",Grocery,Bills
"Hisar, India",Grocery,Bills
"Shujalpur, India",Grocery,Entertainment
"North Lakhimpur, India",Food,Bills
"Hansi, India",Grocery,Food
"Chittur-Thathamangalam, India",Grocery,Entertainment
"Karur, India",Fuel,Bills
"Pipariya, India",Grocery,Bills
"Sikandra Rao, India",Fuel,Bills
"Talaja, India",Grocery,Entertainment
"Srinagar, India",Fuel,Bills
"Sanduru, India",Fuel,Bills
"Chandausi, India",Fuel,Entertainment
"Palasa Kasibugga, India",Grocery,Bills
"Kamareddy, India",Grocery,Entertainment
"Jamui, India",Grocery,Bills
"Madanapalle, India",Grocery,Bills
"Rayachoti, India",Fuel,Entertainment
"Sankarankoil, India",Grocery,Bills
"Murtijapur, India",Grocery,Entertainment
"Wai, India",Grocery,Bills
"Savarkundla, India",Fuel,Bills
"Agra, India",Grocery,Bills
"Alappuzha, India",Grocery,Bills
"Nadiad, India",Grocery,Entertainment
"Pattamundai, India",Grocery,Bills
"Zirakpur, India",Fuel,Entertainment
"Thiruvarur, India",Grocery,Entertainment
"Rawatbhata, India",Grocery,Entertainment
"Wankaner, India",Food,Bills
"New Delhi, India",Fuel,Bills
"Pandharpur, India",Grocery,Bills
"Memari, India",Grocery,Entertainment
"Ramachandrapuram, India",Grocery,Bills
"Ratangarh, India",Fuel,Entertainment
"Thanesar, India",Grocery,Fuel
"Lunglei, India",Grocery,Entertainment
"Mansa, India",Grocery,Bills
"Puranpur, India",Fuel,Bills
"Nabadwip, India",Grocery,Bills
"English Bazar, India",Grocery,Entertainment
"Yawal, India",Fuel,Bills
"Puttur, India",Grocery,Bills
"Adityapur, India",Grocery,Entertainment
"Thiruvallur, India",Grocery,Entertainment
"Kannur, India",Grocery,Bills
"Pithampur, India",Grocery,Entertainment
"Tharamangalam, India",Grocery,Entertainment
"Adoni, India",Grocery,Bills
"Gooty, India",Grocery,Bills
"Dumka, India",Fuel,Bills
"Tasgaon, India",Grocery,Bills
"Marmagao, India",Grocery,Bills
"Shahpur, India",Food,Bills
"Lucknow, India",Travel,Bills
"Arakkonam, India",Grocery,Bills
"Palladam, India",Fuel,Entertainment
"Ajmer, India",Fuel,Bills
"Amravati, India",Grocery,Bills
"Ujjain, India",Fuel,Food
"Sindhnur, India",Grocery,Bills
"Vikarabad, India",Food,Entertainment
"Gurdaspur, India",Food,Bills
"Satana, India",Grocery,Bills
"Tiruvannamalai, India",Grocery,Entertainment
"Lakhimpur, India",Fuel,Entertainment
"Tilda Newra, India",Grocery,Food
"Naila Janjgir, India",Grocery,Bills
"Darbhanga, India",Grocery,Bills
"Lanka, India",Grocery,Bills
"Hyderabad, India",Travel,Bills
"Sonepur, India",Fuel,Bills
"Rasipuram, India",Food,Entertainment
"Wardha, India",Grocery,Bills
"Moga, India",Grocery,Bills
"Perinthalmanna, India",Grocery,Bills
"Amalner, India",Food,Bills
"Jabalpur, India",Grocery,Bills
"Dibrugarh, India",Grocery,Bills
"Tumsar, India",Grocery,Bills
"Vadodara, India",Grocery,Bills
"Karnal, India",Grocery,Entertainment
"Amreli, India",Grocery,Entertainment
"Wadgaon Road, India",Grocery,Bills
"Talegaon Dabhade, India",Grocery,Bills
"Rawatsar, India",Grocery,Entertainment
"Tanuku, India",Grocery,Bills
"Bhadrachalam, India",Grocery,Bills
"Vadipatti, India",Bills,Bills
"Yerraguntla, India",Grocery,Bills
"Robertson Pet, India",Fuel,Bills
"Neyyattinkara, India",Grocery,Bills
"Charkhi Dadri, India",Grocery,Bills
"Dhanbad, India",Grocery,Bills
"Musabani, India",Grocery,Bills
"Mhow Cantonment, India",Grocery,Bills
"Talcher, India",Grocery,Bills
"Nangal, India",Grocery,Bills
"Keshod, India",Grocery,Bills
"Tuensang, India",Grocery,Fuel
"Naharlagun, India",Fuel,Bills
"Bhongir, India",Grocery,Bills
"Sambhal, India",Fuel,Bills
"Sehore, India",Fuel,Bills
"Patti, India",Grocery,Food
"Malappuram, India",Fuel,Bills
"Porsa, India",Fuel,Bills
"Sasvad, India",Grocery,Bills
"Chirala, India",Grocery,Entertainment
"Tanda, India",Grocery,Bills
"Patan, India",Fuel,Entertainment
"Nagpur, India",Fuel,Bills
"Rajagangapur, India",Grocery,Bills
"Nawanshahr, India",Grocery,Bills
"Wadi, India",Fuel,Bills
"Mandideep, India",Grocery,Bills
"Sholingur, India",Grocery,Bills
"Gudivada, India",Grocery,Bills
"Bhatapara, India",Food,Bills
"Ichalkaranji, India",Grocery,Entertainment
"Revelganj, India",Grocery,Bills
"Yanam, India",Grocery,Bills
"Akola, India",Grocery,Bills
"Ramnagar, India",Grocery,Bills
"Alirajpur, India",Entertainment,Entertainment
"Gohana, India",Grocery,Entertainment
"Lakhisarai, India",Fuel,Bills
"Sikandrabad, India",Fuel,Bills
"Maihar, India",Grocery,Bills
"Dhenkanal, India",Grocery,Bills
"Vandavasi, India",Grocery,Bills
"Sugauli, India",Grocery,Entertainment
"Firozpur, India",Grocery,Entertainment
"Umreth, India",Grocery,Entertainment
"Gobindgarh, India",Fuel,Bills
"Jamshedpur, India",Grocery,Bills
"Sircilla, India",Grocery,Bills
"Yemmiganur, India",Food,Bills
"Karimganj, India",Fuel,Bills
"Sitamarhi, India",Grocery,Bills
"Chirkunda, India",Grocery,Entertainment
"Pollachi, India",Grocery,Bills
"Mussoorie, India",Grocery,Entertainment
"Saharsa, India",Grocery,Bills
"Yevla, India",Fuel,Entertainment
"Mandla, India",Grocery,Bills
"Pappinisseri, India",Food,Bills
"Noorpur, India",Grocery,Bills
"Rajsamand, India",Grocery,Bills
"Paramakudi, India",Grocery,Bills
"Pihani, India",Grocery,Entertainment
"Sivakasi, India",Grocery,Bills
"Manuguru, India",Food,Entertainment
"Shivpuri, India",Food,Bills
"Sarangpur, India",Grocery,Bills
"Ranavav, India",Grocery,Bills
"Medininagar (Daltonganj), India",Grocery,Entertainment
"Arsikere, India",Grocery,Bills
"Jhargram, India",Grocery,Bills
"Ujhani, India",Fuel,Entertainment
"Rajgarh (Churu), India",Grocery,Bills
"Neem-Ka-Thana, India",Grocery,Bills
"Narsinghgarh, India",Grocery,Bills
"Phalodi, India",Grocery,Bills
"Nagarkurnool, India",Grocery,Bills
"Bhainsa, India",Grocery,Bills
"Nagari, India",Grocery,Food
"Jammu, India",Grocery,Bills
"Pudukkottai, India",Grocery,Entertainment
"Amalapuram, India",Grocery,Bills
"Sangole, India",Grocery,Bills
"Mandi, India",Fuel,Entertainment
"Yadgir, India",Food,Bills
"Panvel, India",Fuel,Bills
"Lingsugur, India",Grocery,Entertainment
"Goalpara, India",Grocery,Bills
"Kolkata, India",Travel,Bills
"Kalimpong, India",Fuel,Bills
"Vijainagar Ajmer, India",Grocery,Entertainment
"Tonk, India",Food,Bills
"Sambalpur, India",Grocery,Bills
"Malegaon, India",Grocery,Bills
"Merta City, India",Grocery,Entertainment
"Adilabad, India",Grocery,Bills
"Tiruchirappalli, India",Grocery,Food
"Bettiah, India",Grocery,Fuel
"Titlagarh, India",Fuel,Entertainment
"Mathura, India",Grocery,Entertainment
"Gumia, India",Grocery,Bills
"Muvattupuzha, India",Grocery,Bills
"Vellakoil, India",Grocery,Food
"Modasa, India",Grocery,Bills
"Phaltan, India",Grocery,Food
"Rath, India",Grocery,Food
"Giridih, India",Grocery,Bills
"Nanpara, India",Grocery,Food
"Rajkot, India",Grocery,Bills
"Karwar, India",Fuel,Bills
"Tikamgarh, India",Grocery,Entertainment
"Tirukkoyilur, India",Grocery,Entertainment
"Firozpur Cantt., India",Grocery,Entertainment
"Baramula, India",Grocery,Bills
"Kohima, India",Grocery,Food
"Agartala, India",Grocery,Entertainment
"Salem, India",Grocery,Bills
"Nilanga, India",Grocery,Bills
"Tekkalakote, India",Fuel,Bills
"Umarkhed, India",Fuel,Entertainment
"Utraula, India",Grocery,Bills
"Modinagar, India",Food,Entertainment
"Bhilai Nagar, India",Grocery,Bills
"Manvi, India",Grocery,Bills
"Sankeshwara, India",Fuel,Bills
"Balangir, India",Grocery,Entertainment
"Suratgarh, India",Grocery,Entertainment
"Peringathur, India",Fuel,Bills
"Pathankot, India",Grocery,Entertainment
"Ozar, India",Food,Bills
"Narsipatnam, India",Food,Bills
"Rajnandgaon, India",Grocery,Entertainment
"Begusarai, India",Grocery,Entertainment
"Bilaspur, India",Grocery,Fuel
"Gobichettipalayam, India",Food,Bills
"Etawah, India",Grocery,Bills
"Supaul, India",Fuel,Bills
"Araria, India",Grocery,Bills
"Nabha, India",Grocery,Bills
"Santipur, India",Grocery,Bills
"Thoubal, India",Fuel,Bills
"Satara, India",Fuel,Bills
"Lakshmeshwar, India",Fuel,Bills
"Haldwani-cum-Kathgodam, India",Grocery,Entertainment
"Ramgarh, India",Fuel,Bills
"Nellore, India",Grocery,Bills
"Nagda, India",Grocery,Entertainment
"Tuljapur, India",Grocery,Bills
"Varanasi, India",Grocery,Grocery
"Shimla, India",Grocery,Bills
"Sumerpur, India",Grocery,Bills
"Saundatti-Yellamma, India",Fuel,Bills
"Bhabua, India",Grocery,Bills
"Mulbagal, India",Entertainment,Bills
"Sopore, India",Food,Bills
"Tiruvethipuram, India",Grocery,Bills
"Palia Kalan, India",Fuel,Bills
"Sangaria, India",Grocery,Bills
"Alipurduar, India",Fuel,Bills
"Shoranur, India",Entertainment,Bills
"Siwan, India",Grocery,Bills
"Gopalganj, India",Food,Bills
"Lachhmangarh, India",Grocery,Entertainment
"Pilibhit, India",Fuel,Bills
"Vidisha, India",Grocery,Bills
"Margao, India",Grocery,Bills
"Manendragarh, India",Fuel,Entertainment
"Sangamner, India",Grocery,Bills
"Gangarampur, India",Grocery,Bills
"Vaijapur, India",Grocery,Bills
"Nokha, India",Grocery,Bills
"Raisen, India",Grocery,Bills
"Thirumangalam, India",Grocery,Bills
"Surandai, India",Fuel,Bills
"Raghogarh-Vijaypur, India",Grocery,Bills
"Dhoraji, India",Fuel,Food
"Gadwal, India",Fuel,Bills
"Ladnu, India",Grocery,Bills
"Purnia, India",Grocery,Bills
"Madhugiri, India",Grocery,Entertainment
"Sheopur, India",Fuel,Bills
"Makrana, India",Grocery,Bills
"Kunnamkulam, India",Grocery,Bills
"Rampur, India",Fuel,Bills
"Purulia, India",Grocery,Bills
"Athni, India",Fuel,Bills
"Gudur, India",Fuel,Bills
"Rasra, India",Grocery,Entertainment
"Vaniyambadi, India",Grocery,Fuel
"Wokha, India",Food,Bills
"Valparai, India",Fuel,Bills
"Valsad, India",Grocery,Bills
"Hardoi , India",Grocery,Entertainment
"Karaikal, India",Food,Bills
"Morena, India",Fuel,Bills
"Kovvur, India",Fuel,Bills
"Bahadurgarh, India",Grocery,Bills
"Baharampur, India",Grocery,Bills
"Suri, India",Grocery,Food
"Nakodar, India",Fuel,Entertainment
"Sedam, India",Grocery,Entertainment
"Thiruvalla, India",Grocery,Entertainment
"Pathanamthitta, India",Grocery,Bills
"Sirsi, India",Grocery,Bills
"Soro, India",Fuel,Entertainment
"Zamania, India",Grocery,Bills
"Rajgir, India",Grocery,Bills
"Masaurhi, India",Food,Bills
"Darjiling, India",Food,Entertainment
"Ganjbasoda, India",Grocery,Entertainment
"Bhimavaram, India",Grocery,Bills
"Tinsukia, India",Grocery,Bills
"Panchkula, India",Grocery,Entertainment
"Kakinada, India",Grocery,Bills
"Adoor, India",Fuel,Bills
"Gaya, India",Food,Bills
"Vita, India",Fuel,Bills
"Ramganj Mandi, India",Grocery,Bills
"Tiruchengode, India",Fuel,Bills
"Sri Madhopur, India",Grocery,Bills
"Veraval, India",Grocery,Entertainment
"Tuni, India",Fuel,Bills
"Tindivanam, India",Grocery,Bills
"Latur, India",Fuel,Bills
"Madhepura, India",Grocery,Fuel
"Malerkotla, India",Grocery,Entertainment
"Dumraon, India",Grocery,Entertainment
"Tiruppur, India",Grocery,Bills
"Tundla, India",Grocery,Entertainment
"Vinukonda, India",Fuel,Entertainment
"Tandur, India",Grocery,Bills
"Thanjavur, India",Grocery,Bills
"Partur, India",Grocery,Entertainment
"Shahjahanpur, India",Grocery,Bills
"Sihora, India",Fuel,Bills
"Shivamogga, India",Fuel,Bills
"Raiganj, India",Fuel,Food
"Mihijam, India",Grocery,Bills
"Ramanagaram, India",Grocery,Bills
"Faridkot, India",Grocery,Entertainment
"Anakapalle, India",Grocery,Bills
"Punalur, India",Grocery,Entertainment
"Nellikuppam, India",Grocery,Bills
"Nirmal, India",Fuel,Bills
"Forbesganj, India",Food,Bills
"Purna, India",Grocery,Bills
"Habra, India",Grocery,Bills
"Bapatla, India",Grocery,Food
"Patratu, India",Fuel,Bills
"Salur, India",Grocery,Bills
"Nanjangud, India",Grocery,Bills
"Chittoor, India",Grocery,Bills
"Virudhunagar, India",Fuel,Bills
"Sardhana, India",Grocery,Entertainment
"Ratlam, India",Grocery,Bills
"Port Blair, India",Grocery,Bills
"Nalbari, India",Food,Bills
"Surapura, India",Food,Bills
"Morvi, India",Entertainment,Bills
"Sabalgarh, India",Grocery,Entertainment
"Shirdi, India",Grocery,Bills
"Mavelikkara, India",Grocery,Bills
"Rampurhat, India",Grocery,Bills
"Mahe, India",Fuel,Bills
"Talode, India",Grocery,Entertainment
"Tiruttani, India",Food,Bills
"Tamluk, India",Bills,Bills
"Murshidabad, India",Fuel,Entertainment
"Mandamarri, India",Fuel,Bills
"Parlakhemundi, India",Grocery,Bills
"Thane, India",Fuel,Bills
"Bongaigaon City, India",Fuel,Entertainment
"Yamunanagar, India",Grocery,Bills
"Rewari, India",Grocery,Entertainment
"Sikar, India",Fuel,Bills
"Ranchi, India",Grocery,Bills
"Sonamukhi, India",Grocery,Food
"Zunheboto, India",Grocery,Bills
"Mysore, India",Grocery,Bills
"Hardwar, India",Grocery,Bills
"Siruguppa, India",Grocery,Bills
"Varkala, India",Grocery,Bills
"Sinnar, India",Grocery,Bills
"Pinjore, India",Grocery,Bills
"Nautanwa, India",Grocery,Bills
"Motihari, India",Grocery,Bills
"Arvi, India",Food,Bills
"Vadalur, India",Grocery,Bills
"Sagara, India",Fuel,Entertainment
"Palani, India",Fuel,Bills
"Meerut, India",Grocery,Entertainment
"Vizianagaram, India",Grocery,Bills
"Guntakal, India",Fuel,Bills
"Sahaswan, India",Fuel,Entertainment
"Sagwara, India",Food,Bills
"Simdega, India",Fuel,Entertainment
"Tirunelveli, India",Grocery,Bills
"Osmanabad, India",Grocery,Bills
"Parvathipuram, India",Grocery,Bills
"Raisinghnagar, India",Fuel,Entertainment
"Radhanpur, India",Grocery,Entertainment
"Sunam, India",Grocery,Bills
"Dhubri, India",Fuel,Entertainment
"Hugli-Chinsurah, India",Food,Food
"Sultanpur, India",Grocery,Entertainment
"Nawada, India",Food,Bills
"Bhuj, India",Grocery,Bills
"Ankleshwar, India",Grocery,Bills
"Balurghat, India",Food,Bills
"Guwahati, India",Grocery,Bills
"Lunawada, India",Fuel,Bills
"Namakkal, India",Grocery,Bills
"Attingal, India",Fuel,Bills
"Davanagere, India",Grocery,Bills
"Vatakara, India",Grocery,Bills
"Kanhangad, India",Fuel,Bills
"Sathyamangalam, India",Grocery,Food
"Mandsaur, India",Grocery,Food
"Udupi, India",Grocery,Bills
"Chandigarh, India",Food,Food
"Bargarh, India",Grocery,Bills
"Shahabad Rampur, India",Grocery,Bills
"Chaibasa, India",Grocery,Bills
"Ashok Nagar, India",Grocery,Bills
"Ludhiana, India",Grocery,Entertainment
"Thuraiyur, India",Fuel,Bills
"Soron, India",Fuel,Bills
"Saharanpur, India",Grocery,Entertainment
"Sangareddy, India",Grocery,Bills
"Shamli, India",Fuel,Bills
"Salaya, India",Grocery,Food
"Shillong, India",Fuel,Entertainment
"Alwar, India",Fuel,Entertainment
"Tadepalligudem, India",Grocery,Entertainment
"Tiruvuru, India",Grocery,Entertainment
"Mankachar, India",Grocery,Bills
"Eluru, India",Grocery,Bills
"Thangadh, India",Fuel,Bills
"Malkapur, India",Fuel,Bills
"Ranibennur, India",Grocery,Entertainment
"Proddatur, India",Grocery,Bills
"Jharsuguda, India",Fuel,Entertainment
"Pakaur, India",Fuel,Entertainment
"Parbhani, India",Grocery,Bills
"Vapi, India",Grocery,Bills
"Tezpur, India",Grocery,Bills
"Pernampattu, India",Grocery,Bills
"Bahraich, India",Fuel,Food
"Virudhachalam, India",Grocery,Bills
"Aruppukkottai, India",Fuel,Entertainment
"Tirukalukundram, India",Grocery,Bills
"Orai, India",Grocery,Entertainment
"Amritsar, India",Grocery,Bills
"Nagercoil, India",Grocery,Entertainment
"Vadnagar, India",Grocery,Bills
"Shahpura, India",Grocery,Bills
"Muktsar, India",Fuel,Bills
"Kavali, India",Grocery,Entertainment
"Ranipet, India",Grocery,Bills
"Nargund, India",Grocery,Food
"Tirupathur, India",Fuel,Food
"Pedana, India",Grocery,Bills
"Wadhwan, India",Fuel,Bills
"Narasaraopet, India",Bills,Bills
"Srikakulam, India",Fuel,Entertainment
"Nawapur, India",Grocery,Bills
"Unnao, India",Fuel,Entertainment
"Pilibanga, India",Fuel,Food
"Satna, India",Food,Bills
"Kagaznagar, India",Grocery,Bills
"Raxaul Bazar, India",Fuel,Bills
"Pithapuram, India",Grocery,Entertainment
"Naihati, India",Fuel,Bills
"Rajpura, India",Grocery,Food
"Mandya, India",Grocery,Bills
"Malaj Khand, India",Food,Bills
"Panaji, India",Food,Bills
"Shahabad Hardoi, India",Grocery,Bills
"Pandharkaoda, India",Grocery,Entertainment
"Azamgarh, India",Fuel,Entertainment
"Phulabani, India",Fuel,Bills
"Nandurbar, India",Grocery,Bills
"Sirkali, India",Grocery,Bills
"Dhule, India",Grocery,Entertainment
"Seohara, India",Grocery,Entertainment
"Sandila, India",Grocery,Entertainment
"Fatehpur Sikri, India",Grocery,Entertainment
"Rayadurg, India",Grocery,Bills
"Lonavla, India",Food,Bills
"Bhopal, India",Food,Entertainment
"Tarikere, India",Fuel,Bills
"Seoni-Malwa, India",Grocery,Bills
"Nelamangala, India",Fuel,Entertainment
"Kandukur, India",Grocery,Fuel
"Suryapet, India",Fuel,Entertainment
"Sanawad, India",Grocery,Bills
"Palitana, India",Fuel,Entertainment
"Moradabad, India",Fuel,Bills
"Safidon, India",Entertainment,Bills
"Pen, India",Grocery,Entertainment
"Theni Allinagaram, India",Fuel,Bills
"Pandua, India",Grocery,Entertainment
"Uravakonda, India",Grocery,Bills
"Allahabad, India",Grocery,Bills
"Rupnagar, India",Grocery,Bills
"Udumalaipettai, India",Food,Bills
"Ramagundam, India",Grocery,Bills
"Lalitpur, India",Grocery,Bills
"Kharagpur, India",Grocery,Bills
"Medak, India",Food,Bills
"Bobbili, India",Grocery,Food
"Katihar, India",Grocery,Bills
"Kadapa, India",Grocery,Entertainment
"Munger, India",Grocery,Bills
"Sirsa, India",Grocery,Bills
"Kashipur, India",Entertainment,Bills
"Savner, India",Grocery,Bills
"Uran, India",Grocery,Bills
"Narasapuram, India",Entertainment,Bills
"Warisaliganj, India",Grocery,Bills
"Rosera, India",Grocery,Bills
"Solapur, India",Fuel,Entertainment
"Miryalaguda, India",Fuel,Food
"Macherla, India",Food,Bills
"Malur, India",Grocery,Bills
"Lumding, India",Grocery,Fuel
"Kyathampalle, India",Grocery,Entertainment
"Puri, India",Food,Entertainment
"Shirpur-Warwade, India",Entertainment,Entertainment
"Pali, India",Fuel,Bills
"Kishanganj, India",Food,Entertainment
"Anantapur, India",Grocery,Food
"Kathua, India",Entertainment,Bills
"Bhiwandi, India",Grocery,Bills
"Punganur, India",Grocery,Bills
"Lar, India",Fuel,Entertainment
"Jaggaiahpet, India",Grocery,Entertainment
"Jhumri Tilaiya, India",Grocery,Bills
"Unjha, India",Grocery,Entertainment
"Sirsaganj, India",Grocery,Bills
"Durg, India",Grocery,Bills
"Naugachhia, India",Grocery,Bills
"Sujangarh, India",Grocery,Bills
"Jalpaiguri, India",Fuel,Bills
"Siliguri, India",Food,Bills
"Wani, India",Fuel,Bills
"Bhiwani, India",Grocery,Entertainment
"Warangal, India",Fuel,Entertainment
"Paithan, India",Grocery,Bills
"Rudauli, India",Grocery,Bills
"Pondicherry, India",Food,Entertainment
"Kadiri, India",Grocery,Fuel
"Samalkot, India",Fuel,Food
"Asansol, India",Grocery,Bills
"Thodupuzha, India",Food,Food
"Ranebennuru, India",Grocery,Food
"Bhawanipatna, India",Fuel,Bills
"Nongstoin, India",Fuel,Entertainment
"Narkatiaganj, India",Grocery,Fuel
"Solan, India",Grocery,Bills
"Mahbubnagar, India",Fuel,Fuel
"Godhra, India",Food,Food
"Dhamtari, India",Grocery,Bills
"Tirupati, India",Grocery,Fuel
"Khammam, India",Fuel,Bills
"Rampura Phul, India",Food,Bills
"Umarga, India",Grocery,Bills
"Tarakeswar, India",Grocery,Food
"Sarni, India",Grocery,Bills
"Umaria, India",Entertainment,Entertainment
"Sullurpeta, India",Grocery,Grocery
"Nandura, India",Bills,Bills
"Patna, India",Grocery,Bills
"Kanpur, India",Travel,Bills
"Paradip, India",Bills,Bills
"Rameshwaram, India",Entertainment,Bills
"Nohar, India",Grocery,Bills
"Una, India",Grocery,Entertainment
"Sultanganj, India",Grocery,Bills
"Mandi Dabwali, India",Grocery,Entertainment
"Sherghati, India",Grocery,Food
"Kothagudem, India",Grocery,Bills
"Uran Islampur, India",Entertainment,Bills
"Mira-Bhayandar, India",Bills,Bills
"Mahidpur, India",Entertainment,Bills
"Savanur, India",Fuel,Entertainment
"Jaipur, India",Travel,Bills
"Vellore, India",Bills,Bills
"Bagaha, India",Entertainment,Entertainment
"Changanassery, India",Bills,Bills
"Tirur, India",Entertainment,Entertainment
"Srikalahasti, India",Fuel,Bills
"Wanaparthy, India",Fuel,Entertainment
"Fazilka, India",Food,Food
